"PC","PVE","Cumulative"
"PC1",0.729624454132999,0.729624454132999
"PC2",0.228507617867017,0.958132072000016
"PC3",0.0366892188928287,0.994821290892845
"PC4",0.00517870910715481,1
