"","GVIF","Df","GVIF^(1/(2*Df))"
"Sepal.Width",2.22746575324179,1,1.49246968252015
"Petal.Length",23.1616477742267,1,4.81265496106117
"Petal.Width",21.021400528199,1,4.58491008943458
"Species",40.0391772904604,2,2.51548241875882
